status,variant_id,sku,message,error
updated,48588072026377,TEMPERED-GLASS-iPAD,SKU updated,
updated,55687962820873,AP2G-B-128,SKU updated,
updated,55687962853641,AP2G-RG-128,SKU updated,
updated,55687523991817,AUTOSKU-00000001,SKU updated,
updated,55687524024585,AUTOSKU-00000002,SKU updated,
updated,55691633492233,APP1G-RG-128,SKU updated,
updated,55691633525001,AUTOSKU2-00000002,SKU updated,
updated,55695592423689,APP2G-B-128,SKU updated,
updated,55695592456457,APP2G-RG-128,SKU updated,
updated,55695594291465,APP2G-C-B-128,SKU updated,
updated,55695594324233,APP2G-C-RG-128,SKU updated,
updated,48559221408009,AUTOSKU-00000003,SKU updated,
updated,48588072091913,AUTOSKU-00000004,SKU updated,
updated,48588072124681,AUTOSKU-00000005,SKU updated,
updated,48588072157449,AUTOSKU-00000006,SKU updated,
updated,48588072190217,AUTOSKU-00000007,SKU updated,
updated,48588072222985,AUTOSKU-00000008,SKU updated,
updated,48588072255753,AUTOSKU-00000009,SKU updated,
updated,48588072288521,AUTOSKU-0000000A,SKU updated,
updated,48588072321289,AUTOSKU-0000000B,SKU updated,
updated,48588072354057,AUTOSKU-0000000C,SKU updated,
updated,48588072386825,AUTOSKU-0000000D,SKU updated,
updated,48588072419593,AUTOSKU-0000000E,SKU updated,
updated,48588072452361,AUTOSKU-0000000F,SKU updated,
updated,48588072485129,AUTOSKU-0000000G,SKU updated,
updated,48588072517897,AUTOSKU-0000000H,SKU updated,
updated,48588072550665,AUTOSKU-0000000I,SKU updated,
updated,48588072583433,AUTOSKU-0000000J,SKU updated,
updated,48588072616201,AUTOSKU-0000000K,SKU updated,
updated,48588072648969,AUTOSKU-0000000L,SKU updated,
updated,48588072681737,AUTOSKU-0000000M,SKU updated,
updated,48588072714505,AUTOSKU-0000000N,SKU updated,
updated,48588072747273,AUTOSKU-0000000O,SKU updated,
updated,48588072780041,AUTOSKU-0000000P,SKU updated,
updated,48588072812809,AUTOSKU-0000000Q,SKU updated,
updated,48588072845577,AUTOSKU-0000000R,SKU updated,
updated,48588072878345,AUTOSKU-0000000S,SKU updated,
updated,48588072911113,AUTOSKU-0000000T,SKU updated,
updated,48588072943881,AUTOSKU-0000000U,SKU updated,
updated,48588072976649,AUTOSKU-0000000V,SKU updated,
updated,48588073009417,AUTOSKU-0000000W,SKU updated,
updated,48588073042185,AUTOSKU-0000000X,SKU updated,
updated,48588073074953,AUTOSKU-0000000Y,SKU updated,
updated,48588073107721,AUTOSKU-0000000Z,SKU updated,
updated,48588073140489,AUTOSKU-00000010,SKU updated,
updated,48588073173257,AUTOSKU-00000011,SKU updated,
updated,48588073206025,AUTOSKU-00000012,SKU updated,
updated,48588073238793,AUTOSKU-00000013,SKU updated,
updated,48588073271561,AUTOSKU-00000014,SKU updated,
updated,48588073304329,AUTOSKU-00000015,SKU updated,
updated,48588073337097,AUTOSKU-00000016,SKU updated,
updated,48588073369865,AUTOSKU-00000017,SKU updated,
updated,48588073402633,AUTOSKU-00000018,SKU updated,
updated,48588073435401,AUTOSKU-00000019,SKU updated,
updated,48588073468169,AUTOSKU-0000001A,SKU updated,
updated,48588073500937,AUTOSKU-0000001B,SKU updated,
updated,48588073533705,AUTOSKU-0000001C,SKU updated,
updated,48588073566473,AUTOSKU-0000001D,SKU updated,
updated,48588073599241,AUTOSKU-0000001E,SKU updated,
updated,48588073632009,AUTOSKU-0000001F,SKU updated,
updated,48588073664777,AUTOSKU-0000001G,SKU updated,
updated,48588073697545,AUTOSKU-0000001H,SKU updated,
updated,48588073730313,AUTOSKU-0000001I,SKU updated,
updated,48588073763081,AUTOSKU-0000001J,SKU updated,
updated,48588073795849,AUTOSKU-0000001K,SKU updated,
updated,48588073828617,AUTOSKU-0000001L,SKU updated,
updated,48588073861385,AUTOSKU-0000001M,SKU updated,
updated,48588073894153,AUTOSKU-0000001N,SKU updated,
updated,48588073926921,AUTOSKU-0000001O,SKU updated,
updated,48588073959689,AUTOSKU-0000001P,SKU updated,
updated,48588073992457,AUTOSKU-0000001Q,SKU updated,
updated,48588074025225,AUTOSKU-0000001R,SKU updated,
updated,48588074057993,AUTOSKU-0000001S,SKU updated,
updated,48588074090761,AUTOSKU-0000001T,SKU updated,
updated,48588074123529,AUTOSKU-0000001U,SKU updated,
updated,48588074156297,AUTOSKU-0000001V,SKU updated,
updated,48588075008265,AUTOSKU-0000001W,SKU updated,
updated,48588075041033,AUTOSKU-0000001X,SKU updated,
updated,48588075073801,AUTOSKU-0000001Y,SKU updated,
updated,48588075106569,AUTOSKU-0000001Z,SKU updated,
updated,48588075139337,AUTOSKU-00000020,SKU updated,
updated,48588075172105,AUTOSKU-00000021,SKU updated,
updated,48588075204873,AUTOSKU-00000022,SKU updated,
updated,48588075237641,AUTOSKU-00000023,SKU updated,
updated,48588075270409,AUTOSKU-00000024,SKU updated,
updated,48588075303177,AUTOSKU-00000025,SKU updated,
updated,48588075335945,AUTOSKU-00000026,SKU updated,
updated,48588075368713,AUTOSKU-00000027,SKU updated,
updated,48588075401481,AUTOSKU-00000028,SKU updated,
updated,48588075434249,AUTOSKU-00000029,SKU updated,
updated,48588075467017,AUTOSKU-0000002A,SKU updated,
updated,48588075499785,AUTOSKU-0000002B,SKU updated,
updated,48588075532553,AUTOSKU-0000002C,SKU updated,
updated,48588075565321,AUTOSKU-0000002D,SKU updated,
updated,48588075598089,AUTOSKU-0000002E,SKU updated,
updated,48588075630857,AUTOSKU-0000002F,SKU updated,
updated,48588075663625,AUTOSKU-0000002G,SKU updated,
updated,48588075696393,AUTOSKU-0000002H,SKU updated,
updated,48588075729161,AUTOSKU-0000002I,SKU updated,
updated,48588075761929,AUTOSKU-0000002J,SKU updated,
updated,48588075794697,AUTOSKU-0000002K,SKU updated,
updated,48588075827465,AUTOSKU-0000002L,SKU updated,
updated,48588075860233,AUTOSKU-0000002M,SKU updated,
updated,48588075893001,AUTOSKU-0000002N,SKU updated,
updated,48588075925769,AUTOSKU-0000002O,SKU updated,
updated,48588075958537,AUTOSKU-0000002P,SKU updated,
updated,48588075991305,AUTOSKU-0000002Q,SKU updated,
updated,48588076024073,AUTOSKU-0000002R,SKU updated,
updated,48588076056841,AUTOSKU-0000002S,SKU updated,
updated,48588076089609,AUTOSKU-0000002T,SKU updated,
updated,48588076122377,AUTOSKU-0000002U,SKU updated,
updated,48588076155145,AUTOSKU-0000002V,SKU updated,
updated,48588076187913,AUTOSKU-0000002W,SKU updated,
updated,48588076220681,AUTOSKU-0000002X,SKU updated,
updated,48588076253449,AUTOSKU-0000002Y,SKU updated,
updated,48588076286217,AUTOSKU-0000002Z,SKU updated,
updated,48588076318985,AUTOSKU-00000030,SKU updated,
updated,48588076351753,AUTOSKU-00000031,SKU updated,
updated,48588076384521,AUTOSKU-00000032,SKU updated,
updated,48588076417289,AUTOSKU-00000033,SKU updated,
updated,48588076450057,AUTOSKU-00000034,SKU updated,
updated,48588076482825,AUTOSKU-00000035,SKU updated,
updated,48588076515593,AUTOSKU-00000036,SKU updated,
updated,48588076548361,AUTOSKU-00000037,SKU updated,
updated,48588076581129,AUTOSKU-00000038,SKU updated,
updated,48588076613897,AUTOSKU-00000039,SKU updated,
updated,48588076646665,AUTOSKU-0000003A,SKU updated,
updated,48588076679433,AUTOSKU-0000003B,SKU updated,
updated,48588076712201,AUTOSKU-0000003C,SKU updated,
updated,48588076744969,AUTOSKU-0000003D,SKU updated,
updated,48588076777737,AUTOSKU-0000003E,SKU updated,
updated,48588076810505,AUTOSKU-0000003F,SKU updated,
updated,48588076843273,AUTOSKU-0000003G,SKU updated,
updated,48588076876041,AUTOSKU-0000003H,SKU updated,
updated,48588076908809,AUTOSKU-0000003I,SKU updated,
updated,48588076941577,AUTOSKU-0000003J,SKU updated,
updated,48588076974345,AUTOSKU-0000003K,SKU updated,
updated,48588077007113,AUTOSKU-0000003L,SKU updated,
updated,48588077039881,AUTOSKU-0000003M,SKU updated,
updated,48588077072649,AUTOSKU-0000003N,SKU updated,
updated,48588077924617,AUTOSKU-0000003O,SKU updated,
updated,48588077957385,AUTOSKU-0000003P,SKU updated,
updated,48588077990153,AUTOSKU-0000003Q,SKU updated,
updated,48588078022921,AUTOSKU-0000003R,SKU updated,
updated,48588078186761,AUTOSKU-0000003S,SKU updated,
updated,48588078219529,AUTOSKU-0000003T,SKU updated,
updated,48588078252297,AUTOSKU-0000003U,SKU updated,
updated,48588078285065,AUTOSKU-0000003V,SKU updated,
updated,48588078448905,AUTOSKU-0000003W,SKU updated,
updated,48588078481673,AUTOSKU-0000003X,SKU updated,
updated,48588078514441,AUTOSKU-0000003Y,SKU updated,
updated,48588078547209,AUTOSKU-0000003Z,SKU updated,
updated,48588078711049,AUTOSKU-00000040,SKU updated,
updated,48588078743817,AUTOSKU-00000041,SKU updated,
updated,48588078776585,AUTOSKU-00000042,SKU updated,
updated,48588078809353,AUTOSKU-00000043,SKU updated,
updated,48588078973193,AUTOSKU-00000044,SKU updated,
updated,48588079005961,AUTOSKU-00000045,SKU updated,
updated,48588079038729,AUTOSKU-00000046,SKU updated,
updated,48588079071497,AUTOSKU-00000047,SKU updated,
updated,48588079268105,AUTOSKU-00000048,SKU updated,
updated,48588079300873,AUTOSKU-00000049,SKU updated,
updated,48588079333641,AUTOSKU-0000004A,SKU updated,
updated,48588079366409,AUTOSKU-0000004B,SKU updated,
updated,48588079530249,AUTOSKU-0000004C,SKU updated,
updated,48588079563017,AUTOSKU-0000004D,SKU updated,
updated,48588079595785,AUTOSKU-0000004E,SKU updated,
updated,48588079628553,AUTOSKU-0000004F,SKU updated,
updated,48588079792393,AUTOSKU-0000004G,SKU updated,
updated,48588079825161,AUTOSKU-0000004H,SKU updated,
updated,48588079857929,AUTOSKU-0000004I,SKU updated,
updated,48588079890697,AUTOSKU-0000004J,SKU updated,
updated,48588080054537,AUTOSKU-0000004K,SKU updated,
updated,48588080087305,AUTOSKU-0000004L,SKU updated,
updated,48588080120073,AUTOSKU-0000004M,SKU updated,
updated,48588080185609,AUTOSKU-0000004N,SKU updated,
updated,48588080349449,AUTOSKU-0000004O,SKU updated,
updated,48588080382217,AUTOSKU-0000004P,SKU updated,
updated,48588080414985,AUTOSKU-0000004Q,SKU updated,
updated,48588080447753,AUTOSKU-0000004R,SKU updated,
updated,48559281733897,AUTOSKU-0000004S,SKU updated,
updated,48559281799433,AUTOSKU-0000004T,SKU updated,
updated,48559281897737,AUTOSKU-0000004U,SKU updated,
updated,48559281963273,AUTOSKU-0000004V,SKU updated,
updated,48559281996041,AUTOSKU-0000004W,SKU updated,
updated,48559282061577,AUTOSKU-0000004X,SKU updated,
updated,48559282159881,AUTOSKU-0000004Y,SKU updated,
updated,48559282225417,AUTOSKU-0000004Z,SKU updated,
updated,48559282258185,AUTOSKU-00000050,SKU updated,
updated,48559282290953,AUTOSKU-00000051,SKU updated,
updated,48559282323721,AUTOSKU-00000052,SKU updated,
updated,48559282356489,AUTOSKU-00000053,SKU updated,
updated,48559282389257,AUTOSKU-00000054,SKU updated,
updated,48559282487561,AUTOSKU-00000055,SKU updated,
updated,48559282520329,AUTOSKU-00000056,SKU updated,
updated,48559282553097,AUTOSKU-00000057,SKU updated,
updated,48559282618633,AUTOSKU-00000058,SKU updated,
updated,48559282651401,AUTOSKU-00000059,SKU updated,
updated,48366413447433,a46abdd98030cc7c54,SKU updated,
updated,48366413644041,76db4e1988f014a855,SKU updated,
updated,48366413709577,ce2ae6e649a09a0b47,SKU updated,
updated,48366413840649,bae99cb1e0de0d39e1,SKU updated,
updated,48365997392137,a5db2ffc462c276035,SKU updated,
updated,54932707672329,AUTOSKU-0000005A,SKU updated,
updated,54932707705097,AUTOSKU-0000005B,SKU updated,
updated,54932707737865,AUTOSKU-0000005C,SKU updated,
updated,54932707770633,AUTOSKU-0000005D,SKU updated,
updated,54932707803401,AUTOSKU-0000005E,SKU updated,
updated,54932707836169,AUTOSKU-0000005F,SKU updated,
updated,54932707868937,AUTOSKU-0000005G,SKU updated,
updated,54932707901705,AUTOSKU-0000005H,SKU updated,
updated,54932707934473,AUTOSKU-0000005I,SKU updated,
updated,54932707967241,AUTOSKU-0000005J,SKU updated,
updated,54932708000009,AUTOSKU-0000005K,SKU updated,
updated,54932708032777,AUTOSKU-0000005L,SKU updated,
updated,54932708065545,AUTOSKU-0000005M,SKU updated,
updated,54932708098313,AUTOSKU-0000005N,SKU updated,
updated,54932708131081,AUTOSKU-0000005O,SKU updated,
updated,54932708163849,AUTOSKU-0000005P,SKU updated,
updated,54932708196617,AUTOSKU-0000005Q,SKU updated,
updated,54932708229385,AUTOSKU-0000005R,SKU updated,
updated,54932708262153,AUTOSKU-0000005S,SKU updated,
updated,54932708294921,AUTOSKU-0000005T,SKU updated,
updated,54932902740233,AUTOSKU-0000005U,SKU updated,
updated,54932902773001,AUTOSKU-0000005V,SKU updated,
updated,54932902805769,AUTOSKU-0000005W,SKU updated,
updated,54932902838537,AUTOSKU-0000005X,SKU updated,
updated,54932902871305,AUTOSKU-0000005Y,SKU updated,
updated,54932902904073,AUTOSKU-0000005Z,SKU updated,
updated,54932902936841,AUTOSKU-00000060,SKU updated,
updated,54932902969609,AUTOSKU-00000061,SKU updated,
updated,54932903002377,AUTOSKU-00000062,SKU updated,
updated,54932903035145,AUTOSKU-00000063,SKU updated,
updated,54932903067913,AUTOSKU-00000064,SKU updated,
updated,54932903100681,AUTOSKU-00000065,SKU updated,
updated,54932903133449,AUTOSKU-00000066,SKU updated,
updated,54932903166217,AUTOSKU-00000067,SKU updated,
updated,54932903198985,AUTOSKU-00000068,SKU updated,
updated,54932903231753,AUTOSKU-00000069,SKU updated,
updated,54932903264521,AUTOSKU-0000006A,SKU updated,
updated,54932903297289,AUTOSKU-0000006B,SKU updated,
updated,54932903330057,AUTOSKU-0000006C,SKU updated,
updated,54932903362825,AUTOSKU-0000006D,SKU updated,
updated,54933739536649,AUTOSKU-0000006E,SKU updated,
updated,54933739569417,AUTOSKU-0000006F,SKU updated,
updated,54933739602185,AUTOSKU-0000006G,SKU updated,
updated,54933739634953,AUTOSKU-0000006H,SKU updated,
updated,54933739667721,AUTOSKU-0000006I,SKU updated,
updated,54933739700489,AUTOSKU-0000006J,SKU updated,
updated,54933739733257,AUTOSKU-0000006K,SKU updated,
updated,54933739766025,AUTOSKU-0000006L,SKU updated,
updated,54933739798793,AUTOSKU-0000006M,SKU updated,
updated,54933739831561,AUTOSKU-0000006N,SKU updated,
updated,54933739864329,AUTOSKU-0000006O,SKU updated,
updated,54933739897097,AUTOSKU-0000006P,SKU updated,
updated,54933739929865,AUTOSKU-0000006Q,SKU updated,
updated,54933739962633,AUTOSKU-0000006R,SKU updated,
updated,54933739995401,AUTOSKU-0000006S,SKU updated,
updated,54933740028169,AUTOSKU-0000006T,SKU updated,
updated,54933786132745,AUTOSKU-0000006U,SKU updated,
updated,54933786165513,AUTOSKU-0000006V,SKU updated,
updated,54933786198281,AUTOSKU-0000006W,SKU updated,
updated,54933786231049,AUTOSKU-0000006X,SKU updated,
updated,54933786263817,AUTOSKU-0000006Y,SKU updated,
updated,54933786296585,AUTOSKU-0000006Z,SKU updated,
updated,54933786329353,AUTOSKU-00000070,SKU updated,
updated,54933786362121,AUTOSKU-00000071,SKU updated,
updated,54933786394889,AUTOSKU-00000072,SKU updated,
updated,54933786427657,AUTOSKU-00000073,SKU updated,
updated,54933786460425,AUTOSKU-00000074,SKU updated,
updated,54933786493193,AUTOSKU-00000075,SKU updated,
updated,54933786525961,AUTOSKU-00000076,SKU updated,
updated,54933786558729,AUTOSKU-00000077,SKU updated,
updated,54933786591497,AUTOSKU-00000078,SKU updated,
updated,54933786624265,AUTOSKU-00000079,SKU updated,
updated,54942095507721,AUTOSKU-0000007D,SKU updated,
updated,54942095540489,AUTOSKU-0000007E,SKU updated,
updated,54942095573257,AUTOSKU-0000007F,SKU updated,
updated,54942095704329,AUTOSKU-0000007M,SKU updated,
updated,54942095737097,AUTOSKU-0000007N,SKU updated,
updated,54942095769865,AUTOSKU-0000007O,SKU updated,
updated,54942095900937,AUTOSKU-0000007G,SKU updated,
updated,54942095933705,AUTOSKU-0000007H,SKU updated,
updated,54942095966473,AUTOSKU-0000007I,SKU updated,
updated,54942096097545,AUTOSKU-0000007J,SKU updated,
updated,54942096130313,AUTOSKU-0000007K,SKU updated,
updated,54942096163081,AUTOSKU-0000007L,SKU updated,
updated,54942130503945,AUTOSKU-0000007A,SKU updated,
updated,54942130536713,AUTOSKU-0000007B,SKU updated,
updated,54942130569481,AUTOSKU-0000007C,SKU updated,
updated,54942064083209,AUTOSKU-0000007P,SKU updated,
updated,54942064115977,AUTOSKU-0000007Q,SKU updated,
updated,54942064148745,AUTOSKU-0000007R,SKU updated,
updated,55538991268105,AUTOSKU-0000007S,SKU updated,
updated,54942064279817,AUTOSKU-0000007T,SKU updated,
updated,54942064312585,AUTOSKU-0000007U,SKU updated,
updated,54942064345353,AUTOSKU-0000007V,SKU updated,
updated,55538991300873,AUTOSKU-0000007W,SKU updated,
updated,54942064476425,AUTOSKU-0000007X,SKU updated,
updated,54942064509193,AUTOSKU-0000007Y,SKU updated,
updated,54942064541961,AUTOSKU-0000007Z,SKU updated,
updated,55538991333641,AUTOSKU-00000080,SKU updated,
updated,54942064673033,AUTOSKU-00000081,SKU updated,
updated,54942064705801,AUTOSKU-00000082,SKU updated,
updated,54942064738569,AUTOSKU-00000083,SKU updated,
updated,55538991366409,AUTOSKU-00000084,SKU updated,
updated,54941859512585,AUTOSKU-00000085,SKU updated,
updated,54941859545353,AUTOSKU-00000086,SKU updated,
updated,54941859578121,AUTOSKU-00000087,SKU updated,
updated,54941859709193,AUTOSKU-00000088,SKU updated,
updated,54941859741961,AUTOSKU-00000089,SKU updated,
updated,54941859774729,AUTOSKU-0000008A,SKU updated,
updated,54941859905801,AUTOSKU-0000008B,SKU updated,
updated,54941859938569,AUTOSKU-0000008C,SKU updated,
updated,54941859971337,AUTOSKU-0000008D,SKU updated,
updated,54941860102409,AUTOSKU-0000008E,SKU updated,
updated,54941860135177,AUTOSKU-0000008F,SKU updated,
updated,54941860167945,AUTOSKU-0000008G,SKU updated,
updated,48735593201929,9113478f738c424f,SKU updated,
updated,48735593234697,e497dc58f0374531,SKU updated,
updated,48735593267465,d22a6ba7faa84031,SKU updated,
updated,48735593300233,28ba8819fc61461f,SKU updated,
updated,48735593333001,42149efnjfsjn23i92i93,SKU updated,
updated,55196252766473,AUTOSKU-0000008H,SKU updated,
updated,55196252733705,AUTOSKU-0000008I,SKU updated,
updated,55196252700937,AUTOSKU-0000008J,SKU updated,
updated,55196252668169,AUTOSKU-0000008K,SKU updated,
updated,55196252897545,AUTOSKU-0000008L,SKU updated,
updated,55196252864777,AUTOSKU-0000008M,SKU updated,
updated,55196252832009,AUTOSKU-0000008N,SKU updated,
updated,55196252799241,AUTOSKU-0000008O,SKU updated,
updated,55196253028617,AUTOSKU-0000008P,SKU updated,
updated,55196252995849,AUTOSKU-0000008Q,SKU updated,
updated,55196252963081,AUTOSKU-0000008R,SKU updated,
updated,55196252930313,AUTOSKU-0000008S,SKU updated,
updated,55196255355145,AUTOSKU-0000008T,SKU updated,
updated,55196255322377,AUTOSKU-0000008U,SKU updated,
updated,55196255289609,AUTOSKU-0000008V,SKU updated,
updated,55196255256841,AUTOSKU-0000008W,SKU updated,
updated,55196255518985,AUTOSKU-0000008X,SKU updated,
updated,55196255486217,AUTOSKU-0000008Y,SKU updated,
updated,55196255453449,AUTOSKU-0000008Z,SKU updated,
updated,55196255420681,AUTOSKU-00000090,SKU updated,
updated,55196255650057,AUTOSKU-00000091,SKU updated,
updated,55196255617289,AUTOSKU-00000092,SKU updated,
updated,55196255584521,AUTOSKU-00000093,SKU updated,
updated,55196255551753,AUTOSKU-00000094,SKU updated,
updated,55196255781129,AUTOSKU-00000095,SKU updated,
updated,55196255748361,AUTOSKU-00000096,SKU updated,
updated,55196255715593,AUTOSKU-00000097,SKU updated,
updated,55196255682825,AUTOSKU-00000098,SKU updated,
updated,55196258238729,AUTOSKU-00000099,SKU updated,
updated,55196258271497,AUTOSKU-0000009A,SKU updated,
updated,55196258140425,AUTOSKU-0000009B,SKU updated,
updated,55196258205961,AUTOSKU-0000009C,SKU updated,
updated,55196258074889,AUTOSKU-0000009D,SKU updated,
updated,55196258107657,AUTOSKU-0000009E,SKU updated,
updated,55196258009353,AUTOSKU-0000009F,SKU updated,
updated,55196258042121,AUTOSKU-0000009G,SKU updated,
updated,55196258566409,AUTOSKU-0000009H,SKU updated,
updated,55196258599177,AUTOSKU-0000009I,SKU updated,
updated,55196258500873,AUTOSKU-0000009J,SKU updated,
updated,55196258533641,AUTOSKU-0000009K,SKU updated,
updated,55196258435337,AUTOSKU-0000009L,SKU updated,
updated,55196258468105,AUTOSKU-0000009M,SKU updated,
updated,55196258304265,AUTOSKU-0000009N,SKU updated,
updated,55196258402569,AUTOSKU-0000009O,SKU updated,
updated,55196258828553,AUTOSKU-0000009P,SKU updated,
updated,55196258861321,AUTOSKU-0000009Q,SKU updated,
updated,55196258763017,AUTOSKU-0000009R,SKU updated,
updated,55196258795785,AUTOSKU-0000009S,SKU updated,
updated,55196258697481,AUTOSKU-0000009T,SKU updated,
updated,55196258730249,AUTOSKU-0000009U,SKU updated,
updated,55196258631945,AUTOSKU-0000009V,SKU updated,
updated,55196258664713,AUTOSKU-0000009W,SKU updated,
updated,55196256403721,AUTOSKU-0000009X,SKU updated,
updated,55196256370953,AUTOSKU-0000009Y,SKU updated,
updated,55196256338185,AUTOSKU-0000009Z,SKU updated,
updated,55196256305417,AUTOSKU-000000A0,SKU updated,
updated,55196256534793,AUTOSKU-000000A1,SKU updated,
updated,55196256502025,AUTOSKU-000000A2,SKU updated,
updated,55196256469257,AUTOSKU-000000A3,SKU updated,
updated,55196256436489,AUTOSKU-000000A4,SKU updated,
updated,55196256665865,AUTOSKU-000000A5,SKU updated,
updated,55196256633097,AUTOSKU-000000A6,SKU updated,
updated,55196256600329,AUTOSKU-000000A7,SKU updated,
updated,55196256567561,AUTOSKU-000000A8,SKU updated,
updated,55196256796937,AUTOSKU-000000A9,SKU updated,
updated,55196256764169,AUTOSKU-000000AA,SKU updated,
updated,55196256731401,AUTOSKU-000000AB,SKU updated,
updated,55196256698633,AUTOSKU-000000AC,SKU updated,
updated,55196259909897,AUTOSKU-000000AD,SKU updated,
updated,55196259942665,AUTOSKU-000000AE,SKU updated,
updated,55196259778825,AUTOSKU-000000AH,SKU updated,
updated,55196259811593,AUTOSKU-000000AI,SKU updated,
updated,55196259844361,AUTOSKU-000000AF,SKU updated,
updated,55196259877129,AUTOSKU-000000AG,SKU updated,
updated,55196259713289,AUTOSKU-000000AJ,SKU updated,
updated,55196259746057,AUTOSKU-000000AK,SKU updated,
updated,55196260172041,AUTOSKU-000000AL,SKU updated,
updated,55196260204809,AUTOSKU-000000AM,SKU updated,
updated,55196260040969,AUTOSKU-000000AP,SKU updated,
updated,55196260073737,AUTOSKU-000000AQ,SKU updated,
updated,55196260106505,AUTOSKU-000000AN,SKU updated,
updated,55196260139273,AUTOSKU-000000AO,SKU updated,
updated,55196259975433,AUTOSKU-000000AR,SKU updated,
updated,55196260008201,AUTOSKU-000000AS,SKU updated,
updated,55196260434185,AUTOSKU-000000AT,SKU updated,
updated,55196260466953,AUTOSKU-000000AU,SKU updated,
updated,55196260303113,AUTOSKU-000000AX,SKU updated,
updated,55196260335881,AUTOSKU-000000AY,SKU updated,
updated,55196260368649,AUTOSKU-000000AV,SKU updated,
updated,55196260401417,AUTOSKU-000000AW,SKU updated,
updated,55196260237577,AUTOSKU-000000AZ,SKU updated,
updated,55196260270345,AUTOSKU-000000B0,SKU updated,
updated,55196261679369,AUTOSKU-000000B1,SKU updated,
updated,55196261712137,AUTOSKU-000000B2,SKU updated,
updated,55196261744905,AUTOSKU-000000B3,SKU updated,
updated,55196261581065,AUTOSKU-000000B4,SKU updated,
updated,55196261613833,AUTOSKU-000000B5,SKU updated,
updated,55196261646601,AUTOSKU-000000B6,SKU updated,
updated,55196261482761,AUTOSKU-000000B7,SKU updated,
updated,55196261515529,AUTOSKU-000000B8,SKU updated,
updated,55196261548297,AUTOSKU-000000B9,SKU updated,
updated,55196261384457,AUTOSKU-000000BA,SKU updated,
updated,55196261417225,AUTOSKU-000000BB,SKU updated,
updated,55196261449993,AUTOSKU-000000BC,SKU updated,
updated,55196262072585,AUTOSKU-000000BD,SKU updated,
updated,55196262105353,AUTOSKU-000000BE,SKU updated,
updated,55196262138121,AUTOSKU-000000BF,SKU updated,
updated,55196261974281,AUTOSKU-000000BG,SKU updated,
updated,55196262007049,AUTOSKU-000000BH,SKU updated,
updated,55196262039817,AUTOSKU-000000BI,SKU updated,
updated,55196261875977,AUTOSKU-000000BJ,SKU updated,
updated,55196261908745,AUTOSKU-000000BK,SKU updated,
updated,55196261941513,AUTOSKU-000000BL,SKU updated,
updated,55196261777673,AUTOSKU-000000BM,SKU updated,
updated,55196261810441,AUTOSKU-000000BN,SKU updated,
updated,55196261843209,AUTOSKU-000000BO,SKU updated,
updated,55196237955337,AUTOSKU-000000BP,SKU updated,
updated,55196237988105,AUTOSKU-000000BQ,SKU updated,
updated,55196237889801,AUTOSKU-000000BR,SKU updated,
updated,55196237922569,AUTOSKU-000000BS,SKU updated,
updated,55196237824265,AUTOSKU-000000BT,SKU updated,
updated,55196237857033,AUTOSKU-000000BU,SKU updated,
updated,55196237758729,AUTOSKU-000000BV,SKU updated,
updated,55196237791497,AUTOSKU-000000BW,SKU updated,
updated,55196238217481,AUTOSKU-000000BX,SKU updated,
updated,55196238250249,AUTOSKU-000000BY,SKU updated,
updated,55196238151945,AUTOSKU-000000BZ,SKU updated,
updated,55196238184713,AUTOSKU-000000C0,SKU updated,
updated,55196238086409,AUTOSKU-000000C1,SKU updated,
updated,55196238119177,AUTOSKU-000000C2,SKU updated,
updated,55196238020873,AUTOSKU-000000C3,SKU updated,
updated,55196238053641,AUTOSKU-000000C4,SKU updated,
updated,55196238479625,AUTOSKU-000000C5,SKU updated,
updated,55196238512393,AUTOSKU-000000C6,SKU updated,
updated,55196238414089,AUTOSKU-000000C7,SKU updated,
updated,55196238446857,AUTOSKU-000000C8,SKU updated,
updated,55196238348553,AUTOSKU-000000C9,SKU updated,
updated,55196238381321,AUTOSKU-000000CA,SKU updated,
updated,55196238283017,AUTOSKU-000000CB,SKU updated,
updated,55196238315785,AUTOSKU-000000CC,SKU updated,
updated,55196238741769,AUTOSKU-000000CD,SKU updated,
updated,55196238774537,AUTOSKU-000000CE,SKU updated,
updated,55196238676233,AUTOSKU-000000CF,SKU updated,
updated,55196238709001,AUTOSKU-000000CG,SKU updated,
updated,55196238610697,AUTOSKU-000000CH,SKU updated,
updated,55196238643465,AUTOSKU-000000CI,SKU updated,
updated,55196238545161,AUTOSKU-000000CJ,SKU updated,
updated,55196238577929,AUTOSKU-000000CK,SKU updated,
updated,55196236054793,AUTOSKU-000000CL,SKU updated,
updated,55196236087561,AUTOSKU-000000CM,SKU updated,
updated,55196235989257,AUTOSKU-000000CN,SKU updated,
updated,55196236022025,AUTOSKU-000000CO,SKU updated,
updated,55196235923721,AUTOSKU-000000CP,SKU updated,
updated,55196235956489,AUTOSKU-000000CQ,SKU updated,
updated,55196235858185,AUTOSKU-000000CR,SKU updated,
updated,55196235890953,AUTOSKU-000000CS,SKU updated,
updated,55196236316937,AUTOSKU-000000CT,SKU updated,
updated,55196236349705,AUTOSKU-000000CU,SKU updated,
updated,55196236251401,AUTOSKU-000000CV,SKU updated,
updated,55196236284169,AUTOSKU-000000CW,SKU updated,
updated,55196236185865,AUTOSKU-000000CX,SKU updated,
updated,55196236218633,AUTOSKU-000000CY,SKU updated,
updated,55196236120329,AUTOSKU-000000CZ,SKU updated,
updated,55196236153097,AUTOSKU-000000D0,SKU updated,
updated,55196236611849,AUTOSKU-000000D1,SKU updated,
updated,55196236742921,AUTOSKU-000000D2,SKU updated,
updated,55196236546313,AUTOSKU-000000D3,SKU updated,
updated,55196236579081,AUTOSKU-000000D4,SKU updated,
updated,55196236448009,AUTOSKU-000000D5,SKU updated,
updated,55196236480777,AUTOSKU-000000D6,SKU updated,
updated,55196236382473,AUTOSKU-000000D7,SKU updated,
updated,55196236415241,AUTOSKU-000000D8,SKU updated,
updated,55196236972297,AUTOSKU-000000D9,SKU updated,
updated,55196237005065,AUTOSKU-000000DA,SKU updated,
updated,55196236906761,AUTOSKU-000000DB,SKU updated,
updated,55196236939529,AUTOSKU-000000DC,SKU updated,
updated,55196236841225,AUTOSKU-000000DD,SKU updated,
updated,55196236873993,AUTOSKU-000000DE,SKU updated,
updated,55196236775689,AUTOSKU-000000DF,SKU updated,
updated,55196236808457,AUTOSKU-000000DG,SKU updated,
updated,55196262695177,AUTOSKU-000000DH,SKU updated,
updated,55196262727945,AUTOSKU-000000DI,SKU updated,
updated,55196262760713,AUTOSKU-000000DJ,SKU updated,
updated,55196262793481,AUTOSKU-000000DK,SKU updated,
updated,55196262564105,AUTOSKU-000000DL,SKU updated,
updated,55196262596873,AUTOSKU-000000DM,SKU updated,
updated,55196262629641,AUTOSKU-000000DN,SKU updated,
updated,55196262662409,AUTOSKU-000000DO,SKU updated,
updated,55196262433033,AUTOSKU-000000DP,SKU updated,
updated,55196262465801,AUTOSKU-000000DQ,SKU updated,
updated,55196262498569,AUTOSKU-000000DR,SKU updated,
updated,55196262531337,AUTOSKU-000000DS,SKU updated,
updated,55196262301961,AUTOSKU-000000DT,SKU updated,
updated,55196262334729,AUTOSKU-000000DU,SKU updated,
updated,55196262367497,AUTOSKU-000000DV,SKU updated,
updated,55196262400265,AUTOSKU-000000DW,SKU updated,
updated,55196263219465,AUTOSKU-000000DX,SKU updated,
updated,55196263252233,AUTOSKU-000000DY,SKU updated,
updated,55196263285001,AUTOSKU-000000DZ,SKU updated,
updated,55196263317769,AUTOSKU-000000E0,SKU updated,
updated,55196263088393,AUTOSKU-000000E1,SKU updated,
updated,55196263121161,AUTOSKU-000000E2,SKU updated,
updated,55196263153929,AUTOSKU-000000E3,SKU updated,
updated,55196263186697,AUTOSKU-000000E4,SKU updated,
updated,55196262957321,AUTOSKU-000000E5,SKU updated,
updated,55196262990089,AUTOSKU-000000E6,SKU updated,
updated,55196263022857,AUTOSKU-000000E7,SKU updated,
updated,55196263055625,AUTOSKU-000000E8,SKU updated,
updated,55196262826249,AUTOSKU-000000E9,SKU updated,
updated,55196262859017,AUTOSKU-000000EA,SKU updated,
updated,55196262891785,AUTOSKU-000000EB,SKU updated,
updated,55196262924553,AUTOSKU-000000EC,SKU updated,
updated,55196263743753,AUTOSKU-000000ED,SKU updated,
updated,55196263776521,AUTOSKU-000000EE,SKU updated,
updated,55196263809289,AUTOSKU-000000EF,SKU updated,
updated,55196263842057,AUTOSKU-000000EG,SKU updated,
updated,55196263612681,AUTOSKU-000000EH,SKU updated,
updated,55196263645449,AUTOSKU-000000EI,SKU updated,
updated,55196263678217,AUTOSKU-000000EJ,SKU updated,
updated,55196263710985,AUTOSKU-000000EK,SKU updated,
updated,55196263481609,AUTOSKU-000000EL,SKU updated,
updated,55196263514377,AUTOSKU-000000EM,SKU updated,
updated,55196263547145,AUTOSKU-000000EN,SKU updated,
updated,55196263579913,AUTOSKU-000000EO,SKU updated,
updated,55196263350537,AUTOSKU-000000EP,SKU updated,
updated,55196263383305,AUTOSKU-000000EQ,SKU updated,
updated,55196263416073,AUTOSKU-000000ER,SKU updated,
updated,55196263448841,AUTOSKU-000000ES,SKU updated,
updated,55196264268041,AUTOSKU-000000ET,SKU updated,
updated,55196264300809,AUTOSKU-000000EU,SKU updated,
updated,55196264333577,AUTOSKU-000000EV,SKU updated,
updated,55196264366345,AUTOSKU-000000EW,SKU updated,
updated,55196264136969,AUTOSKU-000000EX,SKU updated,
updated,55196264169737,AUTOSKU-000000EY,SKU updated,
updated,55196264202505,AUTOSKU-000000EZ,SKU updated,
updated,55196264235273,AUTOSKU-000000F0,SKU updated,
updated,55196264005897,AUTOSKU-000000F1,SKU updated,
updated,55196264038665,AUTOSKU-000000F2,SKU updated,
updated,55196264071433,AUTOSKU-000000F3,SKU updated,
updated,55196264104201,AUTOSKU-000000F4,SKU updated,
updated,55196263874825,AUTOSKU-000000F5,SKU updated,
updated,55196263907593,AUTOSKU-000000F6,SKU updated,
updated,55196263940361,AUTOSKU-000000F7,SKU updated,
updated,55196263973129,AUTOSKU-000000F8,SKU updated,
updated,55196265021705,AUTOSKU-000000F9,SKU updated,
updated,55196265054473,AUTOSKU-000000FA,SKU updated,
updated,55196264956169,AUTOSKU-000000FB,SKU updated,
updated,55196264988937,AUTOSKU-000000FC,SKU updated,
updated,55196264890633,AUTOSKU-000000FD,SKU updated,
updated,55196264923401,AUTOSKU-000000FE,SKU updated,
updated,55196264825097,AUTOSKU-000000FF,SKU updated,
updated,55196264857865,AUTOSKU-000000FG,SKU updated,
updated,55196265283849,AUTOSKU-000000FH,SKU updated,
updated,55196265316617,AUTOSKU-000000FI,SKU updated,
updated,55196265218313,AUTOSKU-000000FJ,SKU updated,
updated,55196265251081,AUTOSKU-000000FK,SKU updated,
updated,55196265152777,AUTOSKU-000000FL,SKU updated,
updated,55196265185545,AUTOSKU-000000FM,SKU updated,
updated,55196265087241,AUTOSKU-000000FN,SKU updated,
updated,55196265120009,AUTOSKU-000000FO,SKU updated,
updated,55196265545993,AUTOSKU-000000FP,SKU updated,
updated,55196265578761,AUTOSKU-000000FQ,SKU updated,
updated,55196265480457,AUTOSKU-000000FR,SKU updated,
updated,55196265513225,AUTOSKU-000000FS,SKU updated,
updated,55196265414921,AUTOSKU-000000FT,SKU updated,
updated,55196265447689,AUTOSKU-000000FU,SKU updated,
updated,55196265349385,AUTOSKU-000000FV,SKU updated,
updated,55196265382153,AUTOSKU-000000FW,SKU updated,
updated,55196265808137,AUTOSKU-000000FX,SKU updated,
updated,55196265840905,AUTOSKU-000000FY,SKU updated,
updated,55196265742601,AUTOSKU-000000FZ,SKU updated,
updated,55196265775369,AUTOSKU-000000G0,SKU updated,
updated,55196265677065,AUTOSKU-000000G1,SKU updated,
updated,55196265709833,AUTOSKU-000000G2,SKU updated,
updated,55196265611529,AUTOSKU-000000G3,SKU updated,
updated,55196265644297,AUTOSKU-000000G4,SKU updated,
updated,55196214558985,AUTOSKU-000000G5,SKU updated,
updated,55196214591753,AUTOSKU-000000G6,SKU updated,
updated,55196214493449,AUTOSKU-000000G7,SKU updated,
updated,55196214526217,AUTOSKU-000000G8,SKU updated,
updated,55196214427913,AUTOSKU-000000G9,SKU updated,
updated,55196214460681,AUTOSKU-000000GA,SKU updated,
updated,55196214362377,AUTOSKU-000000GB,SKU updated,
updated,55196214395145,AUTOSKU-000000GC,SKU updated,
updated,55196214821129,AUTOSKU-000000GD,SKU updated,
updated,55196214853897,AUTOSKU-000000GE,SKU updated,
updated,55196214755593,AUTOSKU-000000GF,SKU updated,
updated,55196214788361,AUTOSKU-000000GG,SKU updated,
updated,55196214690057,AUTOSKU-000000GH,SKU updated,
updated,55196214722825,AUTOSKU-000000GI,SKU updated,
updated,55196214624521,AUTOSKU-000000GJ,SKU updated,
updated,55196214657289,AUTOSKU-000000GK,SKU updated,
updated,55196243427593,AUTOSKU-000000GL,SKU updated,
updated,55196243460361,AUTOSKU-000000GM,SKU updated,
updated,55196243493129,AUTOSKU-000000GN,SKU updated,
updated,55196243329289,AUTOSKU-000000GO,SKU updated,
updated,55196243362057,AUTOSKU-000000GP,SKU updated,
updated,55196243394825,AUTOSKU-000000GQ,SKU updated,
updated,55196243230985,AUTOSKU-000000GR,SKU updated,
updated,55196243263753,AUTOSKU-000000GS,SKU updated,
updated,55196243296521,AUTOSKU-000000GT,SKU updated,
updated,55196243132681,AUTOSKU-000000GU,SKU updated,
updated,55196243165449,AUTOSKU-000000GV,SKU updated,
updated,55196243198217,AUTOSKU-000000GW,SKU updated,
updated,55196243984649,AUTOSKU-000000GX,SKU updated,
updated,55196244050185,AUTOSKU-000000GY,SKU updated,
updated,55196244148489,AUTOSKU-000000GZ,SKU updated,
updated,55196243755273,AUTOSKU-000000H0,SKU updated,
updated,55196243820809,AUTOSKU-000000H1,SKU updated,
updated,55196243919113,AUTOSKU-000000H2,SKU updated,
updated,55196243624201,AUTOSKU-000000H3,SKU updated,
updated,55196243656969,AUTOSKU-000000H4,SKU updated,
updated,55196243689737,AUTOSKU-000000H5,SKU updated,
updated,55196243525897,AUTOSKU-000000H6,SKU updated,
updated,55196243558665,AUTOSKU-000000H7,SKU updated,
updated,55196243591433,AUTOSKU-000000H8,SKU updated,
updated,55196245033225,AUTOSKU-000000H9,SKU updated,
updated,55196245131529,AUTOSKU-000000HA,SKU updated,
updated,55196245229833,AUTOSKU-000000HB,SKU updated,
updated,55196244771081,AUTOSKU-000000HC,SKU updated,
updated,55196244836617,AUTOSKU-000000HD,SKU updated,
updated,55196244934921,AUTOSKU-000000HE,SKU updated,
updated,55196244508937,AUTOSKU-000000HF,SKU updated,
updated,55196244574473,AUTOSKU-000000HG,SKU updated,
updated,55196244672777,AUTOSKU-000000HH,SKU updated,
updated,55196244246793,AUTOSKU-000000HI,SKU updated,
updated,55196244345097,AUTOSKU-000000HJ,SKU updated,
updated,55196244443401,AUTOSKU-000000HK,SKU updated,
updated,55196246180105,AUTOSKU-000000HL,SKU updated,
updated,55196246278409,AUTOSKU-000000HM,SKU updated,
updated,55196246376713,AUTOSKU-000000HN,SKU updated,
updated,55196245885193,AUTOSKU-000000HO,SKU updated,
updated,55196245983497,AUTOSKU-000000HP,SKU updated,
updated,55196246081801,AUTOSKU-000000HQ,SKU updated,
updated,55196245590281,AUTOSKU-000000HR,SKU updated,
updated,55196245688585,AUTOSKU-000000HS,SKU updated,
updated,55196245786889,AUTOSKU-000000HT,SKU updated,
updated,55196245328137,AUTOSKU-000000HU,SKU updated,
updated,55196245426441,AUTOSKU-000000HV,SKU updated,
updated,55196245524745,AUTOSKU-000000HW,SKU updated,
updated,55196249456905,AUTOSKU-000000HX,SKU updated,
updated,55196249489673,AUTOSKU-000000HY,SKU updated,
updated,55196249522441,AUTOSKU-000000HZ,SKU updated,
updated,55196249358601,AUTOSKU-000000I0,SKU updated,
updated,55196249391369,AUTOSKU-000000I1,SKU updated,
updated,55196249424137,AUTOSKU-000000I2,SKU updated,
updated,55196249260297,AUTOSKU-000000I3,SKU updated,
updated,55196249293065,AUTOSKU-000000I4,SKU updated,
updated,55196249325833,AUTOSKU-000000I5,SKU updated,
updated,55196249161993,AUTOSKU-000000I6,SKU updated,
updated,55196249194761,AUTOSKU-000000I7,SKU updated,
updated,55196249227529,AUTOSKU-000000I8,SKU updated,
updated,55196249850121,AUTOSKU-000000I9,SKU updated,
updated,55196249882889,AUTOSKU-000000IA,SKU updated,
updated,55196249915657,AUTOSKU-000000IB,SKU updated,
updated,55196249751817,AUTOSKU-000000IC,SKU updated,
updated,55196249784585,AUTOSKU-000000ID,SKU updated,
updated,55196249817353,AUTOSKU-000000IE,SKU updated,
updated,55196249653513,AUTOSKU-000000IF,SKU updated,
updated,55196249686281,AUTOSKU-000000IG,SKU updated,
updated,55196249719049,AUTOSKU-000000IH,SKU updated,
updated,55196249555209,AUTOSKU-000000II,SKU updated,
updated,55196249587977,AUTOSKU-000000IJ,SKU updated,
updated,55196249620745,AUTOSKU-000000IK,SKU updated,
updated,55196250243337,AUTOSKU-000000IL,SKU updated,
updated,55196250276105,AUTOSKU-000000IM,SKU updated,
updated,55196250308873,AUTOSKU-000000IN,SKU updated,
updated,55196250145033,AUTOSKU-000000IO,SKU updated,
updated,55196250177801,AUTOSKU-000000IP,SKU updated,
updated,55196250210569,AUTOSKU-000000IQ,SKU updated,
updated,55196250046729,AUTOSKU-000000IR,SKU updated,
updated,55196250079497,AUTOSKU-000000IS,SKU updated,
updated,55196250112265,AUTOSKU-000000IT,SKU updated,
updated,55196249948425,AUTOSKU-000000IU,SKU updated,
updated,55196249981193,AUTOSKU-000000IV,SKU updated,
updated,55196250013961,AUTOSKU-000000IW,SKU updated,
updated,55196250636553,AUTOSKU-000000IX,SKU updated,
updated,55196250669321,AUTOSKU-000000IY,SKU updated,
updated,55196250702089,AUTOSKU-000000IZ,SKU updated,
updated,55196250538249,AUTOSKU-000000J0,SKU updated,
updated,55196250571017,AUTOSKU-000000J1,SKU updated,
updated,55196250603785,AUTOSKU-000000J2,SKU updated,
updated,55196250439945,AUTOSKU-000000J3,SKU updated,
updated,55196250472713,AUTOSKU-000000J4,SKU updated,
updated,55196250505481,AUTOSKU-000000J5,SKU updated,
updated,55196250341641,AUTOSKU-000000J6,SKU updated,
updated,55196250374409,AUTOSKU-000000J7,SKU updated,
updated,55196250407177,AUTOSKU-000000J8,SKU updated,
updated,55196251029769,AUTOSKU-000000J9,SKU updated,
updated,55196251062537,AUTOSKU-000000JA,SKU updated,
updated,55196251095305,AUTOSKU-000000JB,SKU updated,
updated,55196250931465,AUTOSKU-000000JC,SKU updated,
updated,55196250964233,AUTOSKU-000000JD,SKU updated,
updated,55196250997001,AUTOSKU-000000JE,SKU updated,
updated,55196250833161,AUTOSKU-000000JF,SKU updated,
updated,55196250865929,AUTOSKU-000000JG,SKU updated,
updated,55196250898697,AUTOSKU-000000JH,SKU updated,
updated,55196250734857,AUTOSKU-000000JI,SKU updated,
updated,55196250767625,AUTOSKU-000000JJ,SKU updated,
updated,55196250800393,AUTOSKU-000000JK,SKU updated,
updated,55698683461897,SAM-ZFLIP6-256-SN-Blue,SKU updated,
updated,55698681266441,SAM-ZFOLD6-256-SN-Silver,SKU updated,
updated,55743530762505,AUTOSKU-000000JL,SKU updated,
updated,55698710692105,SAM-WATCH7-40-SN,SKU updated,
updated,55698695749897,SAM-WATCHULTRA-47-SN-SILVER,SKU updated,
updated,55691435475209,AUTOSKU2-00000001,SKU updated,
updated,55691435507977,AUTOSKU2-00000005,SKU updated,
updated,55678848696585,AUTOSKU2-00000003,SKU updated,
updated,55678906466569,AUTOSKU2-00000013,SKU updated,
updated,55678971904265,AUTOSKU2-00000012,SKU updated,
updated,55679027052809,AUTOSKU2-00000014,SKU updated,
updated,55679094948105,AUTOSKU2-00000007,SKU updated,
updated,55679171068169,AUTOSKU2-00000009,SKU updated,
updated,55679211176201,AUTOSKU2-00000008,SKU updated,
updated,55679253938441,AUTOSKU2-00000006,SKU updated,
updated,55679339626761,AUTOSKU2-00000010,SKU updated,
updated,48406364291337,AUTOSKU-000000JM,SKU updated,
updated,48406137864457,AUTOSKU-000000JN,SKU updated,
updated,48406361473289,AUTOSKU-000000JO,SKU updated,
updated,48406362882313,AUTOSKU-000000JP,SKU updated,
updated,48365821722889,mbp-13-16-17-2-tbt-reparation-10182,SKU updated,
updated,48365821755657,mbp-13-16-17-2-tbt-reparation-10183,SKU updated,
updated,48365821788425,mbp-13-16-17-2-tbt-reparation-10184,SKU updated,
updated,48365821821193,mbp-13-16-17-2-tbt-reparation-10185,SKU updated,
updated,48365822050569,mbp-13-16-17-4-tbt-reparation-10186,SKU updated,
updated,48365822083337,mbp-13-16-17-4-tbt-reparation-10187,SKU updated,
updated,48365822116105,mbp-13-16-17-4-tbt-reparation-10188,SKU updated,
updated,48365822148873,mbp-13-16-17-4-tbt-reparation-10189,SKU updated,
updated,48745558835465,AUTOSKU2-00000004,SKU updated,
updated,48687783510281,AUTOSKU2-00000011,SKU updated,
