Produktnavn,Variantnavn,Butik
"Brugt iPad Air 9.7"" 2.Gen (2014) Cellular",128GB / Brugbar / Space Grey,Green
"Brugt iPad Air 9.7"" 2. Gen (2014) WiFi",64GB / Brugt / Sølv,Green
N51 - 65W Wallplug med 3 porte og sikker opladning,Default Title,Green
"Brugt iPad Air 9.7"" 2. Gen (2014) WiFi",128GB / Brugt / Space Grey,Green
"Brugt iPad Air 9.7"" 2. Gen (2014) WiFi",128GB / Rigtig god / Space Grey,Green
Transparent Cover,Default Title,Green
EQ22 - Trådløse høretelefoner med ANC støjreduktion,Default Title,Green
"Brugt iPad Air 9.7"" 2.Gen (2014) Cellular",16GB / Brugbar / Sølv,Green
"Brugt iPad Air 9.7"" 2.Gen (2014) Cellular",64GB / Som ny / Sølv,Green
W35 Max - Hovedtelefoner med NC,Default Title,Green
"Brugt iPad Air 9.7"" 2. Gen (2014) WiFi",16GB / Som ny / Space Grey,Green
Brugte AirPods (4. gen) – Apples nyeste høretelefoner med H2-chip,Som ny,Green
"Brugt iPad Air 9.7"" 2.Gen (2014) Cellular",32GB / Rigtig god / Sølv,Green
"Brugt iPad Air 9.7"" 2. Gen (2014) WiFi",32GB / Som ny / Sølv,Green
"Brugt iPad Air 9.7"" 2. Gen (2014) WiFi",64GB / Brugt / Space Grey,Green
"Brugt iPad Air 9.7"" 2. Gen (2014) WiFi",128GB / Som ny / Space Grey,Green
"Brugt iPad Air 9.7"" 2.Gen (2014) Cellular",128GB / Brugbar / Sølv,Green
EQ21 - Trådløse høretelefoner med smart touch-display,Default Title,Green
"Brugt iPad Air 9.7"" 2. Gen (2014) WiFi",16GB / Rigtig god / Sølv,Green
"Brugt iPad Air 9.7"" 2. Gen (2014) WiFi",32GB / Brugt / Sølv,Green
"Brugt iPad Air 9.7"" 2. Gen (2014) WiFi",32GB / Som ny / Space Grey,Green
"Brugt iPad Air 9.7"" 2.Gen (2014) Cellular",32GB / Rigtig god / Space Grey,Green
"Brugt iPad Air 9.7"" 2.Gen (2014) Cellular",64GB / Brugbar / Space Grey,Green
"Brugt iPad Air 9.7"" 2. Gen (2014) WiFi",64GB / Brugbar / Sølv,Green
"Brugt iPad Air 9.7"" 2.Gen (2014) Cellular",32GB / Som ny / Space Grey,Green
"Brugt iPad Air 9.7"" 2.Gen (2014) Cellular",128GB / Rigtig god / Space Grey,Green
"Brugt iPad Air 9.7"" 2. Gen (2014) WiFi",32GB / Brugbar / Sølv,Green
"Brugt iPad Air 9.7"" 2.Gen (2014) Cellular",16GB / Brugbar / Space Grey,Green
"Brugt iPad Air 9.7"" 2.Gen (2014) Cellular",16GB / Som ny / Space Grey,Green
"Brugt iPad Air 9.7"" 2. Gen (2014) WiFi",128GB / Som ny / Sølv,Green
N65 - 20W Wallplug med hurtig PD opladning,Default Title,Green
"Brugt iPad Air 9.7"" 2. Gen (2014) WiFi",16GB / Som ny / Sølv,Green
Brugte AirPods (4. gen) – Apples nyeste høretelefoner med H2-chip,Rigtig god,Green
"Brugt iPad Air 9.7"" 2.Gen (2014) Cellular",32GB / Som ny / Sølv,Green
"Brugt iPad Air 9.7"" 2.Gen (2014) Cellular",16GB / Rigtig god / Sølv,Green
"Brugt iPad Air 9.7"" 2. Gen (2014) WiFi",64GB / Som ny / Sølv,Green
"U133 - USB-C kabel 1,2 m 60W",Default Title,Green
"Brugt iPad Air 9.7"" 2.Gen (2014) Cellular",128GB / Som ny / Space Grey,Green
"Brugt iPad Air 9.7"" 2.Gen (2014) Cellular",128GB / Brugt / Space Grey,Green
"Brugt iPad Air 9.7"" 2.Gen (2014) Cellular",32GB / Brugbar / Space Grey,Green
"Brugt iPad Air 9.7"" 2.Gen (2014) Cellular",128GB / Rigtig god / Sølv,Green
"Brugt iPad Air 9.7"" 2. Gen (2014) WiFi",128GB / Rigtig god / Sølv,Green
"Brugt iPad Air 9.7"" 2. Gen (2014) WiFi",64GB / Som ny / Space Grey,Green
"Brugt iPad Air 9.7"" 2. Gen (2014) WiFi",128GB / Brugbar / Space Grey,Green
"Brugt iPad Air 9.7"" 2.Gen (2014) Cellular",32GB / Brugt / Sølv,Green
"Brugt iPad Air 9.7"" 2. Gen (2014) WiFi",16GB / Brugt / Space Grey,Green
"Brugt iPad Air 9.7"" 2. Gen (2014) WiFi",16GB / Brugbar / Space Grey,Green
Q44A - Powerbank 20.000 mAh med trådløs opladning og fastcharging,Default Title,Green
Brugt AirPods Pro 1,Brugt,Green
"Brugt iPad Air 9.7"" 2. Gen (2014) WiFi",16GB / Rigtig god / Space Grey,Green
"Brugt iPad Air 9.7"" 2.Gen (2014) Cellular",128GB / Som ny / Sølv,Green
"Brugt iPad Air 9.7"" 2.Gen (2014) Cellular",64GB / Som ny / Space Grey,Green
"Brugt iPad Air 9.7"" 2.Gen (2014) Cellular",16GB / Brugt / Space Grey,Green
"Brugt iPad Air 9.7"" 2. Gen (2014) WiFi",64GB / Brugbar / Space Grey,Green
"Brugt iPad Air 9.7"" 2. Gen (2014) WiFi",32GB / Brugt / Space Grey,Green
"Brugt iPad Air 9.7"" 2.Gen (2014) Cellular",32GB / Brugt / Space Grey,Green
Sikkerhedpakke iPhone,Default Title,Green
"Brugt iPad Air 9.7"" 2. Gen (2014) WiFi",128GB / Brugt / Sølv,Green
"Brugt iPad Air 9.7"" 2.Gen (2014) Cellular",64GB / Rigtig god / Space Grey,Green
"Brugt iPad Air 9.7"" 2. Gen (2014) WiFi",32GB / Rigtig god / Sølv,Green
Brugt AirPods 3,Som ny,Green
"Brugt iPad Air 9.7"" 2.Gen (2014) Cellular",64GB / Brugt / Sølv,Green
"Brugt iPad Air 9.7"" 2.Gen (2014) Cellular",32GB / Brugbar / Sølv,Green
"Brugt iPad Air 9.7"" 2. Gen (2014) WiFi",64GB / Rigtig god / Sølv,Green
"Brugt iPad Air 9.7"" 2.Gen (2014) Cellular",16GB / Brugt / Sølv,Green
"Brugt iPad Air 9.7"" 2.Gen (2014) Cellular",16GB / Rigtig god / Space Grey,Green
"Brugt iPad Air 9.7"" 2. Gen (2014) WiFi",128GB / Brugbar / Sølv,Green
Brugte AirPods (4. gen) med aktiv støjreduktion – Premium lyd med ANC,Rigtig god,Green
"Brugt iPad Air 9.7"" 2.Gen (2014) Cellular",64GB / Rigtig god / Sølv,Green
"Brugt iPad Air 9.7"" 2. Gen (2014) WiFi",16GB / Brugbar / Sølv,Green
Brugt AirPods 3,Rigtig god,Green
"Brugt iPad Air 9.7"" 2.Gen (2014) Cellular",128GB / Brugt / Sølv,Green
"Brugt iPad Air 9.7"" 2.Gen (2014) Cellular",16GB / Som ny / Sølv,Green
"Brugt iPad Air 9.7"" 2. Gen (2014) WiFi",32GB / Rigtig god / Space Grey,Green
NZ10 - 45W Biloplader med hurtig PD opladning,Default Title,Green
"Brugt iPad Air 9.7"" 2. Gen (2014) WiFi",16GB / Brugt / Sølv,Green
"Brugt iPad Air 9.7"" 2. Gen (2014) WiFi",64GB / Rigtig god / Space Grey,Green
"Brugt iPad Air 9.7"" 2. Gen (2014) WiFi",32GB / Brugbar / Space Grey,Green
U114 - Rejseladersæt med omformere,Default Title,Green
Brugte AirPods (4. gen) med aktiv støjreduktion – Premium lyd med ANC,Som ny,Green
Q44 - Powerbank 10.000 mAh med trådløs opladning og fastcharging,Default Title,Green
"Brugt iPad Air 9.7"" 2.Gen (2014) Cellular",64GB / Brugt / Space Grey,Green
"Brugt iPad Air 9.7"" 2.Gen (2014) Cellular",64GB / Brugbar / Sølv,Green
Brugte AirPods 3,Rigtig god,Phonetrade
Brugt AirPods Pro 1,Som ny,Phonetrade
"HOCO EQ21 - Trådløse høretelefoner med ANC, ENC og intelligent touchscreen",Default Title,Phonetrade
Sikkerhedspakke iPhone,Default Title,Phonetrade
Brugte AirPods 3,Som ny,Phonetrade
"HOCO U133 - Premium USB-C til USB-C kabel 1,2m med 60W hurtigopladning",Default Title,Phonetrade
HOCO Q44 - Magnetisk powerbank 10.000 mAh med trådløs opladning og 20W hurtigopladning,Default Title,Phonetrade
HOCO U114 - Komplet rejseladersæt med multifunktionelle kabler og omformere,Default Title,Phonetrade
HOCO Q44A - Kraftfuld magnetisk powerbank 20.000 mAh med trådløs opladning og 45W hurtigopladning,Default Title,Phonetrade
HOCO W35 Max - Premium hovedtelefoner med 90 timers batteri og avanceret noise cancelling,Default Title,Phonetrade
Transparent Cover iPhone,Default Title,Phonetrade
HOCO N51 - Intelligent 65W vægoplader med 3 porte og sikker opladning,Default Title,Phonetrade
HOCO EQ22 - Trådløse høretelefoner med ANC og ENC noise reduction,Default Title,Phonetrade
HOCO N65 - Kompakt 20W PD hurtigoplader med USB-C og USB-A porte,Default Title,Phonetrade
